{"cameraMode":{"drawMode":0,"name":"Shaded","section":"Shading Mode"},"sceneLighting":true,"audioPlay":false,"sceneViewState":{"showFog":true,"showMaterialUpdate":false,"showSkybox":true,"showFlares":true,"showImageEffects":true,"showParticleSystems":true},"in2DMode":false,"pivot":{"x":-1.3349207639694214,"y":-13.52761173248291,"z":9.564994812011719},"rotation":{"x":0.44131743907928469,"y":-0.06585285812616348,"z":0.032495446503162387,"w":0.894341766834259},"size":28.687376022338868,"orthographic":false}