{"cameraMode":{"drawMode":0,"name":"Shaded","section":"Shading Mode"},"sceneLighting":true,"audioPlay":false,"sceneViewState":{"showFog":true,"showMaterialUpdate":false,"showSkybox":true,"showFlares":true,"showImageEffects":true,"showParticleSystems":true},"in2DMode":false,"pivot":{"x":11.788862228393555,"y":-5.06242561340332,"z":18.84530258178711},"rotation":{"x":-0.28056252002716067,"y":0.3999713063240051,"z":-0.13006411492824555,"w":-0.8627810478210449},"size":119.23785400390625,"orthographic":false}