{"cameraMode":{"drawMode":0,"name":"Shaded","section":"Shading Mode"},"sceneLighting":true,"audioPlay":false,"sceneViewState":{"showFog":true,"showMaterialUpdate":false,"showSkybox":true,"showFlares":true,"showImageEffects":true,"showParticleSystems":true},"in2DMode":false,"pivot":{"x":13.541818618774414,"y":2.1827993392944338,"z":3.139512062072754},"rotation":{"x":0.3078117370605469,"y":0.005708626005798578,"z":-0.0018468929920345545,"w":0.9514285922050476},"size":38.557373046875,"orthographic":false}