{"cameraMode":{"drawMode":0,"name":"Shaded","section":"Shading Mode"},"sceneLighting":true,"audioPlay":false,"sceneViewState":{"showFog":true,"showMaterialUpdate":false,"showSkybox":true,"showFlares":true,"showImageEffects":true,"showParticleSystems":true},"in2DMode":false,"pivot":{"x":18.791500091552736,"y":-16.08167266845703,"z":13.789117813110352},"rotation":{"x":0.7071036696434021,"y":-0.002121317433193326,"z":0.002121317433193326,"w":0.7071036696434021},"size":51.59174346923828,"orthographic":false}