{"cameraMode":{"drawMode":0,"name":"Shaded","section":"Shading Mode"},"sceneLighting":true,"audioPlay":false,"sceneViewState":{"showFog":true,"showMaterialUpdate":false,"showSkybox":true,"showFlares":true,"showImageEffects":true,"showParticleSystems":true},"in2DMode":false,"pivot":{"x":13.016340255737305,"y":-14.639654159545899,"z":21.852880477905275},"rotation":{"x":0.3078117370605469,"y":0.005708626005798578,"z":-0.0018468929920345545,"w":0.9514285922050476},"size":28.73326873779297,"orthographic":false}