{"cameraMode":{"drawMode":0,"name":"Shaded","section":"Shading Mode"},"sceneLighting":true,"audioPlay":false,"sceneViewState":{"showFog":true,"showMaterialUpdate":false,"showSkybox":true,"showFlares":true,"showImageEffects":true,"showParticleSystems":true},"in2DMode":false,"pivot":{"x":4.981808185577393,"y":-16.081722259521486,"z":1.3691872358322144},"rotation":{"x":0.7071036696434021,"y":-0.002121317433193326,"z":0.002121317433193326,"w":0.7071036696434021},"size":27.90989875793457,"orthographic":false}